{"cameraMode":{"drawMode":0,"name":"Shaded","section":"Shading Mode"},"sceneLighting":true,"audioPlay":false,"sceneViewState":{"m_AlwaysRefresh":false,"showFog":true,"showSkybox":true,"showFlares":true,"showImageEffects":true,"showParticleSystems":true,"showVisualEffectGraphs":true,"m_FxEnabled":true},"in2DMode":false,"pivot":{"x":-0.055676937103271487,"y":-42.0387077331543,"z":-16.04521942138672},"rotation":{"x":-0.011259655468165875,"y":-0.9702362418174744,"z":0.2377554476261139,"w":-0.049760155379772189},"size":43.314300537109378,"orthographic":false}