{"cameraMode":{"drawMode":0,"name":"Shaded","section":"Shading Mode"},"sceneLighting":true,"audioPlay":false,"sceneViewState":{"m_AlwaysRefresh":false,"showFog":true,"showSkybox":true,"showFlares":true,"showImageEffects":true,"showParticleSystems":true,"showVisualEffectGraphs":true,"m_FxEnabled":true},"in2DMode":false,"pivot":{"x":69.60237884521485,"y":-16.925968170166017,"z":-67.0533676147461},"rotation":{"x":-0.051380597054958346,"y":-0.9106606841087341,"z":0.12150005996227265,"w":-0.39216136932373049},"size":129.67657470703126,"orthographic":false}