{"cameraMode":{"drawMode":0,"name":"Shaded","section":"Shading Mode"},"sceneLighting":true,"audioPlay":false,"sceneViewState":{"m_AlwaysRefresh":false,"showFog":true,"showSkybox":true,"showFlares":true,"showImageEffects":true,"showParticleSystems":true,"showVisualEffectGraphs":true,"m_FxEnabled":true},"in2DMode":false,"pivot":{"x":10.731330871582032,"y":-48.04132843017578,"z":29.981552124023439},"rotation":{"x":0.1908237785100937,"y":-0.06083139777183533,"z":0.010883711278438568,"w":0.9799256920814514},"size":54.42753219604492,"orthographic":false}