{"cameraMode":{"drawMode":0,"name":"Shaded","section":"Shading Mode"},"sceneLighting":true,"audioPlay":false,"sceneViewState":{"m_AlwaysRefresh":false,"showFog":true,"showSkybox":true,"showFlares":true,"showImageEffects":true,"showParticleSystems":true,"showVisualEffectGraphs":true,"m_FxEnabled":true},"in2DMode":false,"pivot":{"x":4.0650177001953129,"y":-34.61098861694336,"z":-29.479103088378908},"rotation":{"x":0.0012262605596333743,"y":-0.988974392414093,"z":0.149736687541008,"w":0.004343684762716293},"size":13.453634262084961,"orthographic":false}