{"cameraMode":{"drawMode":0,"name":"Shaded","section":"Shading Mode"},"sceneLighting":true,"audioPlay":false,"sceneViewState":{"m_AlwaysRefresh":false,"showFog":true,"showSkybox":true,"showFlares":true,"showImageEffects":true,"showParticleSystems":true,"showVisualEffectGraphs":true,"m_FxEnabled":true},"in2DMode":false,"pivot":{"x":9.297513008117676,"y":-22.811206817626954,"z":-0.11443710327148438},"rotation":{"x":0.0850265622138977,"y":0.12530894577503205,"z":-0.010546363890171051,"w":0.9885856509208679},"size":20.74285316467285,"orthographic":false}