{"cameraMode":{"drawMode":0,"name":"Shaded","section":"Shading Mode"},"sceneLighting":true,"audioPlay":false,"sceneViewState":{"m_AlwaysRefresh":false,"showFog":true,"showSkybox":true,"showFlares":true,"showImageEffects":true,"showParticleSystems":true,"showVisualEffectGraphs":true,"m_FxEnabled":true},"in2DMode":false,"pivot":{"x":-170.63824462890626,"y":-107.00908660888672,"z":14.933765411376954},"rotation":{"x":-0.18024007976055146,"y":0.6263442635536194,"z":-0.15094733238220216,"w":-0.7435390949249268},"size":122.74492645263672,"orthographic":false}